user_id,first_name,last_name,email,created_at
1,Alicia,Fleming,alicia.fleming@gmail.com,2025-03-24 18:46:03
2,Nicole,Ramirez,nicole.ramirez@gmail.com,2025-04-09 10:16:04
3,Duane,Jackson,duane.jackson@gmail.com,2025-01-01 04:49:10
4,Gregory,Wolfe,gregory.wolfe@gmail.com,2025-05-25 13:08:38
5,Nicole,Salas,nicole.salas@gmail.com,2025-02-12 09:35:15
6,Vernon,Watson,vernon.watson@gmail.com,2025-07-03 16:08:48
7,Anthony,Gonzales,anthony.gonzales@gmail.com,2025-03-12 06:41:27
8,Debbie,Fritz,debbie.fritz@gmail.com,2025-01-16 04:02:32
9,Ashley,Hawkins,ashley.hawkins@gmail.com,2025-03-25 12:36:05
10,Christine,Mendoza,christine.mendoza@gmail.com,2025-08-22 05:58:50
11,Olivia,Ballard,olivia.ballard@gmail.com,2025-01-07 11:33:31
12,Tyler,Freeman,tyler.freeman@gmail.com,2025-06-02 14:20:25
13,Laura,Smith,laura.smith@gmail.com,2025-07-24 13:23:13
14,Matthew,Freeman,matthew.freeman@gmail.com,2025-08-03 03:46:02
15,Melissa,Smith,melissa.smith@gmail.com,2025-02-02 03:37:03
16,Anna,Miles,anna.miles@gmail.com,2025-07-05 02:52:07
17,Eric,Wise,eric.wise@gmail.com,2025-08-02 06:55:01
18,Jeff,Giles,jeff.giles@gmail.com,2025-07-15 04:07:37
19,Jeffrey,Arroyo,jeffrey.arroyo@gmail.com,2025-06-02 23:53:12
20,Robert,Brewer,robert.brewer@gmail.com,2025-04-30 04:59:23
21,Antonio,Christian,antonio.christian@gmail.com,2025-04-29 12:06:40
22,Charles,Santiago,charles.santiago@gmail.com,2025-01-25 10:12:37
23,Jeffrey,Mayo,jeffrey.mayo@gmail.com,2025-01-21 03:43:52
24,Emily,Hale,emily.hale@gmail.com,2025-01-24 05:10:06
25,Ashley,Cochran,ashley.cochran@gmail.com,2025-06-09 13:01:10
26,Amy,Smith,amy.smith@gmail.com,2025-06-15 08:37:41
27,Christopher,Novak,christopher.novak@gmail.com,2025-02-20 05:48:23
28,James,Turner,james.turner@gmail.com,2025-03-29 20:03:25
29,Katherine,Young,katherine.young@gmail.com,2025-02-25 10:06:07
30,Thomas,Pineda,thomas.pineda@gmail.com,2025-07-19 11:38:09
31,Carrie,Fletcher,carrie.fletcher@gmail.com,2025-05-05 19:52:36
32,Gary,Gregory,gary.gregory@gmail.com,2025-06-09 02:10:20
33,Robin,Goodwin,robin.goodwin@gmail.com,2025-01-26 05:15:23
34,Frank,Rose,frank.rose@gmail.com,2025-01-06 01:29:41
35,Kelly,Riley,kelly.riley@gmail.com,2025-01-18 11:32:58
36,Jane,Bishop,jane.bishop@gmail.com,2025-04-30 09:22:43
37,Kathleen,Ross,kathleen.ross@gmail.com,2025-07-12 01:44:47
38,Justin,Little,justin.little@gmail.com,2025-06-05 11:01:51
39,Amanda,Stanley,amanda.stanley@gmail.com,2025-08-23 15:26:51
40,Whitney,Burton,whitney.burton@gmail.com,2025-08-03 11:36:21